Metric,Top 6 Mean,Bottom 14 Mean,Difference,t-statistic,p-value,Cohen's d,Effect Size,Significant
Goals Scored,69.76666666666667,46.4,23.366666666666667,7.9712631933347255,1.4606899391796107e-12,1.7394722365653235,Large,Yes
Goals Against,43.7,60.41428571428571,-16.714285714285708,-6.1446798277738255,8.632812654750921e-09,-1.3408790681924652,Large,Yes
Shots on Target,198.26666666666668,147.2,51.06666666666669,8.988644331284759,9.465239219669436e-15,1.9614830020546725,Large,Yes
